idx,fx1_R,fx0d5_R,fx1d5_R,fx2d5_R,fx3_R,fx5_R,fx7_R,fx1_S,fx0d5_S,fx1d5_S,fx2d5_S,fx3_S,fx5_S,fx7_S,fx1_T,fx0d5_T,fx1d5_T,fx2d5_T,fx3_T,fx5_T,fx7_T,Freq_Rated,Freq_Gen,CC_bus,Power,I_R_rms,I_S_rms,I_T_rms,Load,Class
826.0,3.1859638314134706,0.0145844253470847,0.00351395558548526,0.00162706912772516,0.0565107462616526,0.0420107457007107,0.0181584973699537,3.16962211773256,0.0151011061084101,0.0047236833877046,0.0018474503319750898,0.0131656539332313,0.042057441741327,0.0172022555170824,3.2813268568470497,0.0127724382176566,0.0059279605040967204,0.00260003323407108,0.0519078807206707,0.0408712209810873,0.0189461373853781,45.0,44.11,339.0,0.41,2.34417887770279,2.32798619058321,2.39666331002344,0.0,5.0
1097.0,2.96251190533806,0.0068266530767463795,0.00593576806810735,0.0032976081025756897,0.101076389680376,0.0517300510574487,0.0241580988188677,2.60800664903323,0.0130612087940359,0.0111688588138268,0.00344401794672981,0.0740267250047114,0.0590163247745499,0.0214733693172756,2.66282329313157,0.0226324361540695,0.0108982426437022,0.00222883126782953,0.0804363163808232,0.0473846932773795,0.0206198442993292,52.5,51.53,336.0,0.39,2.55166187437007,2.26286017732574,2.28102400843535,0.0,6.0
1117.0,4.18055113526788,0.0151323675380417,0.0112236202496012,0.0038939096645434204,0.10274997633630302,0.0670241197424551,0.0275957784912624,3.66319134529738,0.0143814051962643,0.008217960949570809,0.0038373384563683798,0.0744603019852432,0.0706962743219473,0.0253699250163138,3.73599059100231,0.0219041092010254,0.00995093276352863,0.004086177468377679,0.0676068366665392,0.0782150574786732,0.024116956793704,55.0,53.81,360.0,0.5,3.0828973779755895,2.7155807088516,2.77314315941961,0.0,6.0
1289.0,3.1522161840218597,0.0136748358573281,0.0117356533293386,0.006958463464523179,0.146954254959091,0.0782924923105884,0.0291647652432016,2.36971116136562,0.00679984747173936,0.00573474382450344,0.00603820764035724,0.15906691679996499,0.07893952322628099,0.0258682276327484,2.28777428184179,0.0165881649842681,0.007892655514805991,0.0032284429535746,0.0742535362551199,0.0779607907086897,0.0246484216369533,55.0,53.84,330.0,0.44,2.9879974083317995,2.2871470850743796,2.2135416267346697,0.0,7.0
763.0,2.4550305722038703,0.00219546817587626,0.008155721233473471,0.00212895837553407,0.0207545105507891,0.0405162992081554,0.0176376306620743,2.17050168232207,0.00517211285891481,0.010962584568211002,0.00210966353576984,0.00389509592688052,0.0426671950319923,0.0137368983558876,2.3040412255832203,0.007019625049428471,0.011668143245329998,0.00234722441771039,0.0240557352484371,0.0414901290110893,0.0164042794261692,55.0,54.2,273.0,0.2,1.7510390814079198,1.5502722836084801,1.64416637544689,0.0,4.0
1188.0,2.75010752833216,0.006598388622498221,0.009995297005977191,0.00199796070607125,0.0691167922109781,0.0575888177436473,0.0242273332061441,2.4373174577208503,0.0036110480461634797,0.0144959394169979,0.0022975592631947,0.0492444374191769,0.0535732911495577,0.0210273648167328,2.41799130548087,0.00539490758473321,0.0104533375202233,0.00248095254884465,0.0459914916738532,0.0488988748369462,0.0173431253783358,60.0,59.22,310.0,0.29,2.19898842929932,1.9429160151052298,1.92231845838588,0.0,6.0
947.0,3.98724000998267,0.0193436990070988,0.0097295253535851,0.00349483533777407,0.0655416663563049,0.0796656225486854,0.031853779007319005,3.93657968974548,0.017074113931091997,0.0121347179951624,0.00280679606268065,0.00868069060721916,0.0773794280296875,0.0267061111685978,4.03684814001356,0.0181392353652326,0.00833105057775708,0.00285948330014693,0.0615953980257377,0.0910927614734066,0.0284071678060101,57.5,56.38,371.0,0.52,2.95946193333974,2.9190537938526497,3.00726470903622,0.0,5.0
96.0,1.0,0.00760000708618119,0.0031233664096509397,0.0012109752327588699,0.009944342916130321,0.0185101962043069,0.007690341055469891,1.0,0.00757793774869485,0.00311429659871439,0.00120745873326139,0.009915465961489709,0.018456445232454,0.00766800940101041,1.0,0.00758708094761862,0.0031180541689470698,0.00120891559867208,0.00992742951684133,0.0184787139493242,0.00767726127633952,50.0,49.44,268.0,0.2,1.54728000356534,1.56063246989425,1.57475295315501,0.0,1.0
387.0,1.73029086976553,0.00443753543439206,0.0173408985220726,0.0011516115173981802,0.00428342619605406,0.0280564348654756,0.0111941752240882,1.73313201878245,0.0057506739089691,0.0185450861968438,0.00233138996697522,0.00321630559626566,0.0298519411597591,0.0107136119601629,1.7476956143959999,0.0044719383199284,0.016728176830142,0.00162450792756704,0.0063330478422799,0.0283826840900903,0.0108466796123442,55.0,54.5,215.0,0.13,1.23175613849249,1.23534405027523,1.2449960786856002,0.0,2.0
189.0,1.0,0.00471968398278276,0.0035369195827141798,0.000623610748562352,0.0163178863309652,0.0186782831624341,0.00586067157862492,1.0,0.00476311903330468,0.0035694697028763704,0.00062934981170061,0.0164680591433361,0.0188501786062355,0.00591460708935796,1.0,0.0046551079703645295,0.00348852647764002,0.000615078335038436,0.0160946205288073,0.0184227217625928,0.005780484260571189,57.5,56.9,303.0,0.25,1.8701356569307899,1.85419660264016,1.90031389680942,0.0,1.0
423.0,3.8635727511235,0.0129118495335198,0.0108344531835772,0.0030877164841983397,0.0626720399040882,0.0827173586782727,0.0313627024522807,3.8309835206149603,0.0123657970507328,0.00819656779748651,0.00343502936241282,0.0106416860956608,0.0759295463157501,0.0275610785203763,3.9458354824964905,0.00903043443875507,0.00839135286683397,0.00251245254798054,0.0599999453946688,0.0806359729565409,0.0279659577571555,60.0,58.98,368.0,0.47,2.86176155480697,2.84168191544078,2.93623042107701,0.0,2.0
827.0,2.2969358667752595,0.0164291597772919,0.00665944332467175,0.00231612606902258,0.057920367985174005,0.0412750980906333,0.0181487553285703,2.29352864112556,0.0126215469857249,0.00826311404774201,0.0035244871276277,0.011475709193366003,0.045784602169415003,0.0162519873830793,2.34689915537822,0.0135785381137566,0.008619306371982341,0.0040773219219066605,0.0557511021174204,0.0475368628050489,0.0169196268345559,45.0,44.14,334.0,0.39,2.2710011973829998,2.25839646578834,2.31838107310806,0.0,5.0
1189.0,2.12138196071111,0.00641218981662145,0.00909279236043967,0.0035336651283145795,0.0583237184728645,0.0559031530585903,0.0232689212175957,1.8651577938134398,0.00385679030759418,0.012298707234113998,0.0030215337034986104,0.0444418227262496,0.0566281766373263,0.0222970499018636,1.82900794039751,0.00801019640696107,0.010358389716237,0.0021032770103569603,0.0368272671509495,0.0513089140677726,0.0166066259395589,60.0,59.24,306.0,0.28,2.1395219641926597,1.89583273818374,1.86596476997936,0.0,6.0
480.0,1.4851055876464998,0.0058456914902794395,0.0109160979279182,0.00213006359272615,0.0159747159379501,0.0240980988743457,0.0126513417107599,1.4123039637535,0.00638101491489909,0.0133763555484689,0.00222987877076437,0.0043768595750045105,0.027106977429648998,0.0106542587756582,1.4885952584658102,0.00587083578474235,0.0122201901366787,0.0029274459495330103,0.0132778181934073,0.026911321574557997,0.0115249545623702,45.0,44.35,259.0,0.2,1.56894193122431,1.48349074724105,1.5415416857093602,0.0,3.0
174.0,1.0,0.00469514087746644,0.00463074699316359,0.00047964621728798797,0.0215085037776636,0.0189651807336425,0.006595979880779011,1.0,0.004748623473885379,0.00468349607546317,0.000485109892549832,0.0217535082742565,0.0191812141038142,0.00667111503415519,1.0,0.004561905169030729,0.00449933861324005,0.000466035123344976,0.0208981491976845,0.0184269989502619,0.0064088033774155105,57.5,56.6,358.0,0.42,2.64021239441821,2.6113461832033,2.71988829647812,0.0,1.0
991.0,4.13989275823117,0.0117083768229412,0.0145382728547979,0.0038663350684633602,0.12170679491113301,0.05445158107661401,0.0185744741552168,3.63962486411576,0.0110763521053765,0.0110421558674015,0.00265251595123987,0.0940346432936179,0.0504530332589547,0.0167681523555422,3.75698917943748,0.0197493173852894,0.012362660558028,0.00275657571428329,0.0820123361037536,0.0785069591319052,0.0180161693853365,45.0,43.79,352.0,0.49,2.9686315590755403,2.61847466168056,2.69854826958521,0.0,6.0
179.0,1.0,0.0049133785873264,0.00422272789949367,0.000577705859270447,0.0221087099664581,0.0187036298732021,0.00668242536565799,1.0,0.0049542785668023,0.00425787875981351,0.0005825148023159129,0.0222927474404274,0.018859322756284998,0.006738051256365779,1.0,0.00478120995775223,0.00410913759709355,0.000562165719149005,0.0215139913128911,0.0182005070047995,0.00650266982939851,57.5,56.7,344.0,0.38,2.43920139068932,2.4196090864356803,2.50878098929422,0.0,1.0
1101.0,3.17770239377192,0.0055549418145347,0.0036904786835083203,0.00307614640597663,0.0546682611910939,0.0498038426677063,0.0232024046302655,2.82552275926593,0.00459816131559852,0.00645370936483638,0.00249100513424385,0.0430747435144671,0.0535542139744249,0.0209732364390806,2.85939966816204,0.00711731944275438,0.00415563906893832,0.00293398665359154,0.0441770941146276,0.0630558396831219,0.020987332121321995,52.5,51.61,322.0,0.34,2.3443482122932,2.08304588354299,2.10519182081105,0.0,6.0
1153.0,2.80202415537596,0.0103211921511648,0.00581689042213034,0.00321445832718928,0.10212273857696301,0.0715809069812092,0.0212647105696995,2.46277998461726,0.0114390019398694,0.007092253134617,0.00259300571613735,0.0704512821055495,0.0776585647864429,0.021986506079332,2.4976526035289504,0.0154701289801541,0.00632282560141665,0.00382188307861522,0.0752201009800064,0.0676030583042041,0.0202254120486147,57.5,56.56,338.0,0.38,2.59575563370641,2.2952047310959,2.3216983168857404,0.0,6.0
651.0,2.52522588738617,0.00664415899205944,0.00468829996256911,0.0023080186487804,0.0217108287708342,0.0296026284639511,0.0167647251526245,2.2769392637614705,0.007485126941585759,0.00666265674021349,0.00154520541485421,0.00480294530221131,0.0359688694502251,0.0126204062641814,2.4178581443324503,0.00894594459879989,0.00567908161113289,0.0026211374500604303,0.0271490492551511,0.0336556077970628,0.0112764906395099,45.0,44.12,289.0,0.25,1.89909135788183,1.70733012660539,1.81176740628655,0.0,4.0
64.0,1.0,0.007635580451429779,0.00348758431355632,0.00128910916166029,0.0061283415041723105,0.017114944945767,0.0071218090742499905,1.0,0.00748103664041932,0.00341699576112526,0.00126301764917885,0.006004304142867179,0.0167685392161727,0.0069776639732161295,1.0,0.007467583828419021,0.00341085113120434,0.00126074642129906,0.00599350687255437,0.0167383851056614,0.0069651163536622,47.5,46.95,252.0,0.18,1.4542531449862701,1.46928811817512,1.4772800281598701,0.0,1.0
492.0,2.28438806226327,0.0175798759626605,0.00965635617799942,0.00209147327697082,0.0530190895333527,0.0379286850896546,0.0204393051177799,2.15050181951927,0.0191769335385748,0.00834166152808502,0.0034120579422941603,0.00663952768629391,0.0366042127497853,0.0179564403212964,2.2778030837413903,0.0205628813793978,0.008557977169808209,0.0041046794980586394,0.0514382632511702,0.056654321412945,0.0178646467930796,47.5,46.45,344.0,0.41,2.4934603192711,2.3690630683969798,2.49679393245287,0.0,3.0
558.0,2.3110573213379304,0.0025922708727320397,0.00395749988848732,0.0011106035428708099,0.0238295836786388,0.0326768938859648,0.0128828769833822,2.14505793049702,0.00527351348287766,0.0037076493878629704,0.0018844021631583602,0.0065340012987184105,0.0303523699889983,0.0108741500952083,2.23312746581308,0.0065611511007926705,0.00327387758469925,0.00230560752762138,0.0210699829007814,0.031321335156650996,0.0108337603096274,52.5,51.79,270.0,0.23,1.66130912798584,1.54504737719183,1.6063301090556898,0.0,3.0
1004.0,2.25783754948342,0.0139068746325167,0.00859380305348727,0.00390568967404995,0.0575281681543314,0.0317927396104113,0.0167410585429417,2.02962730383352,0.007847761560578141,0.008281753813173691,0.00434502382461873,0.0444823724717107,0.0368736421812492,0.0119249030556706,2.05695589354276,0.0118742040481718,0.00868477249935158,0.00305147357490921,0.0504157455715646,0.0460575288060347,0.0117917288139063,45.0,44.05,326.0,0.38,2.44080890363258,2.1717461620416696,2.19568466688585,0.0,6.0
960.0,2.79960327946712,0.00621224369970785,0.0061906017301164,0.00169272206716534,0.0575299835374136,0.0497701600218634,0.0192598604748081,2.7571042439142297,0.00748445464701795,0.00630355290052103,0.00239957069307728,0.00645330066362304,0.0527620094991861,0.0160150823481277,2.80866129462253,0.00841301701393251,0.004013279488235571,0.00173018662214488,0.0567471874192093,0.0529260400360113,0.019667813636608,57.5,56.8,314.0,0.29,1.997797652374,1.9670146510046798,2.00414994398358,0.0,5.0
102.0,1.0,0.005881806221583,0.00595582462775889,0.000425854664771625,0.0206696671258971,0.0146767244701644,0.00522320692854637,1.0,0.0058620661039419705,0.0059358360945818206,0.00042442544033547796,0.0206002969961623,0.0146274674466054,0.00520567715701895,1.0,0.00570792987222688,0.00577976016649189,0.000413265665461336,0.0200586360706629,0.0142428551492042,0.0050687999116448895,52.5,51.39,372.0,0.54,2.94238742640768,2.94701868848988,3.0238079148742205,0.0,1.0
540.0,3.78194477269737,0.0134624079486395,0.00896426218336597,0.0020524352535271698,0.0885692111006656,0.0587155283392413,0.0225498722235679,3.5866613079590697,0.0132568612529479,0.00905650434110983,0.0018785948418273397,0.00720529726857985,0.0689249153347425,0.0205618173987488,3.7802413729516298,0.0153129946877963,0.0102650396827214,0.0020317590085201,0.0842680456952009,0.0671303312474745,0.0210596539070549,52.5,51.4,356.0,0.47,2.7031272433024403,2.5644590917694,2.70245284272353,0.0,3.0
532.0,1.8367733743714898,0.00285266819860698,0.00583147276346102,0.00294095090479645,0.0212465316956066,0.0253023754338408,0.0142509220752628,1.7383212384521698,0.00636247678217479,0.00676070357252643,0.0035793043921223703,0.0104798783555098,0.0271174681496863,0.0142709852445678,1.79863931932974,0.00585456882477234,0.0058286750071568205,0.0021926485312206197,0.0154039083384872,0.0226760162107189,0.012234538616611999,50.0,49.33,259.0,0.18,1.5580567469678601,1.46835718648075,1.5160575881662601,0.0,3.0
673.0,3.09193348637456,0.00587492926698551,0.00363648248012845,0.002807387876249,0.04355979270464701,0.0389969156765429,0.0211448113295749,2.77062516948579,0.0069718585717354,0.00527376302721795,0.0026648383083546,0.0171448939395539,0.0439673694268309,0.0168793514970875,2.97943595453811,0.00608709886783569,0.00404068413091796,0.0028249186055079,0.0639415531629538,0.045835092578353,0.0181349190578204,47.5,46.5,317.0,0.32,2.2117587658016897,1.98479373801895,2.13078478247236,0.0,4.0
734.0,2.7623340484807404,0.00721863713510322,0.00278540734833675,0.00210835215906525,0.0291656483983961,0.0286397419701854,0.0196595014103784,2.43796703618519,0.00533621572030018,0.00559874690378621,0.00236521280128187,0.00755047134588598,0.0359240944733112,0.0163167271432923,2.60745808664354,0.0098301553114772,0.005066820727175929,0.00360879510907218,0.0395356782666881,0.0304294277037232,0.0163800037003229,52.5,51.59,299.0,0.25,1.99422459661948,1.76398813382173,1.8934052060930902,0.0,4.0
1012.0,2.76743787785286,0.0101144741792137,0.00749517457570225,0.00326244190031645,0.0400644476856008,0.0338947410878295,0.0171029615672188,2.48149873350165,0.00551747515104926,0.00941762323422142,0.0015788411483728699,0.0340008475960059,0.0373775697005926,0.015510557410041,2.4921552325356,0.0108812084166958,0.00972233778466874,0.0041663454207351205,0.0247733018872141,0.0333550986551545,0.0141641864044369,45.0,44.21,296.0,0.28,2.0525526557022102,1.8389963343373201,1.8346607615105701,0.0,6.0
168.0,1.0,0.0071302345342690795,0.00797883994190511,0.000475810820238283,0.0157741651542193,0.0197172765246228,0.00784822204839075,1.0,0.007188907263568691,0.00804449561056318,0.00047972613597151604,0.0159039663995462,0.0198795245436037,0.00791280289850379,1.0,0.00691522610211472,0.007738242264777579,0.00046146299788127197,0.0152985035890839,0.0191227125321569,0.00761156308440944,57.5,56.48,370.0,0.48,2.89963811143951,2.87497446149715,2.9857362744602503,0.0,1.0
250.0,3.83620609170373,0.0175155669461613,0.0289396859014326,0.00440375795367907,0.0893388696471413,0.0673917913693298,0.0203079668386465,3.8653600723035,0.0181636962498695,0.0262245211719577,0.00433054441259927,0.0197796455302379,0.0640535545695757,0.0172488769598186,3.94086299591897,0.0176538370894373,0.0245143880067032,0.00332616748625452,0.08420970003485499,0.074440073831817,0.0216371701841256,45.0,43.72,373.0,0.6,3.01260276218669,3.0198015026580203,3.0734346124124996,0.0,2.0
537.0,2.95568701587923,0.0128685449822114,0.0160129534526451,0.00271453926357462,0.0873068981695755,0.0659278821647884,0.0268728611467009,2.8215454439307304,0.0130751283543239,0.0154971180142095,0.00451151254779241,0.00588799173155094,0.0727872197127569,0.0244467317869545,2.96920633178673,0.0136135845558735,0.0172935380295989,0.00449895609118097,0.0861982812448317,0.0735054881839895,0.024015856003311003,52.5,51.34,362.0,0.48,2.83314141686826,2.6893777486832295,2.82646714519611,0.0,3.0
861.0,2.24182978021621,0.00584789354721264,0.00798114151900271,0.0019521891450384,0.0216487001998558,0.0270346888137869,0.0118598515504681,2.23065584811384,0.00421874047539601,0.00813340355121541,0.0027342134550108897,0.00398745824802676,0.0282839787937567,0.0114537638758913,2.2535773569879303,0.005769656606857821,0.007649944698000141,0.00241735516018762,0.0229199843900362,0.0278326405510896,0.0118783105403188,47.5,46.9,271.0,0.22,1.6008908148531003,1.59517066095844,1.61059396135136,0.0,5.0
57.0,1.0,0.00456649270978462,0.001537326026647,0.000833145084050409,0.0139440655329186,0.0166845924919085,0.00560268283024555,1.0,0.0045622808968990795,0.0015359081048457802,0.0008323766494062441,0.01393120450398,0.0166692037929412,0.00559751530820233,1.0,0.004483675933888521,0.00150944546422865,0.000818035372046074,0.013691179428918999,0.0163820048726708,0.00550107396807105,47.5,46.81,311.0,0.3,1.95133259579842,1.95234420287552,1.99084417501645,0.0,1.0
1353.0,2.4697160783050003,0.0277947014640225,0.0026972293247087,0.0051331726961369,0.0526636446827257,0.0410416115400296,0.0198908905057607,2.01414792302219,0.0198287312900325,0.0136842360022257,0.0037060394542873603,0.0381083019778553,0.039013818506122996,0.0226516335625757,1.74114782026365,0.0137297411300164,0.0100617853561917,0.001833714096512,0.0145174783574867,0.0347272732807458,0.0139606323370083,60.0,59.21,239.0,0.2,1.8077432642635802,1.4771892543425802,1.27594973536772,0.0,7.0
353.0,1.60034298627091,0.0034323721784363,0.0127114553886105,0.00186540050943165,0.008883664837441279,0.0281591213232529,0.00960961920443302,1.5883361352284597,0.00539765362552397,0.0128938324594723,0.00362821262921335,0.00547196686673,0.0283707969831383,0.00865403542398518,1.58445294025912,0.00545035672786227,0.0121661335241953,0.00156724501701297,0.0110472180513823,0.0277681216743952,0.00933765969017362,52.5,51.96,245.0,0.17,1.3890404183108702,1.3928678729894701,1.4030756545944099,0.0,2.0
721.0,2.9516310660695804,0.0107633630707261,0.00641169011353791,0.00384417110442175,0.0732346242718457,0.0618347100783212,0.0202710664721272,2.67116660937363,0.0104878906065632,0.0054522122490966,0.0043729977610643895,0.0160996793963257,0.0691142939047963,0.0172017371500181,2.93882630867347,0.0119715836804851,0.008789605557922629,0.0041803596618277105,0.0887099421049443,0.0625817333825945,0.0161313729914055,52.5,51.33,348.0,0.41,2.64909532125413,2.38786436212007,2.5901803149074905,0.0,4.0
729.0,3.13501074085589,0.006773260112490621,0.00399416117162669,0.0035212454158640703,0.0433504202286692,0.0436594836028161,0.0213548859752494,2.80172184164487,0.00939098746585037,0.0040329129612972,0.00334335504842627,0.0187054187845992,0.0529763750598065,0.0158561623044711,3.03930580764598,0.0103732490299547,0.00343158150897267,0.0025133779896702197,0.0645421926374416,0.0489618779220087,0.014913013330422,52.5,51.49,322.0,0.31,2.24973234737371,2.01395432149313,2.17916628980808,0.0,4.0
1247.0,3.4325490697048098,0.0206560808868318,0.0120158757833143,0.005411235321586071,0.13319740939622,0.0510638546658348,0.0249018852938463,2.63039224114655,0.007322109655108379,0.00900673775309959,0.0035198923684307,0.151601728238497,0.0553226463825802,0.0207872797011935,2.56397827995258,0.0200489286531625,0.00741794297897417,0.0037447814645445603,0.067198978403508,0.0542584453995398,0.0214457386653649,50.0,48.83,322.0,0.4,2.82472776071762,2.16600217945024,2.1118547012779,0.0,7.0
1304.0,1.7711921291846398,0.0200144772864017,0.00346686655196082,0.00345279162145709,0.0564175594805486,0.0465205336525404,0.0166810557788054,1.4190151940044498,0.0104331254350581,0.009887168973171441,0.00270332557304693,0.0437765299848298,0.0407407145210004,0.0172086854527843,1.28313236731423,0.010202532441098,0.0104326134322506,0.00259083736538373,0.0134661498891534,0.0323621369749667,0.012271001029741,55.0,54.14,273.0,0.2,1.8462460658174598,1.4875885483485902,1.3267696555683999,0.0,7.0
773.0,2.6087724703879305,0.0086785565828154,0.00868503715269051,0.0030811928627274303,0.0562050601714896,0.0660673047774388,0.0245329132645574,2.34126943592554,0.0108365164604389,0.00573186161939038,0.00217443129497228,0.0218000821619103,0.0736099549372562,0.023212736125524,2.54495179348101,0.00940407375344362,0.00695381978008982,0.00284659966336985,0.0805853842928043,0.0668957766957978,0.024655769365449,57.5,56.46,339.0,0.37,2.48293314144197,2.2385397102053597,2.42232788346204,0.0,4.0
375.0,2.2067129144307103,0.00601993347311121,0.00790185359057278,0.00234972054732022,0.0596842259369356,0.0525856215062347,0.0203497483252013,2.18218522832522,0.00601540523805766,0.00863257431296797,0.00349490521115003,0.00881555079604707,0.0550711136699023,0.0184236607024573,2.2422364502328103,0.00516824086086425,0.00619972792676229,0.00192172811694667,0.0599206049845409,0.0554211493070389,0.0206090928707956,55.0,54.26,323.0,0.32,2.10063472449894,2.07959283239205,2.13336035900684,0.0,2.0
1072.0,3.3005374422601497,0.00835756905470686,0.00270314128809363,0.00379884203988237,0.0802461557824517,0.0483064878869894,0.0228800370573419,2.92462319048143,0.00281117227341442,0.004428149208714679,0.00362215675653136,0.0630554181310308,0.0520023123745221,0.0194541533873841,2.9516404830370293,0.0102947207462759,0.00582171329106005,0.00306523702368443,0.0651824638009353,0.0478354890237044,0.0187164630554745,50.0,49.1,322.0,0.34,2.35656283788377,2.08999693810311,2.1064784727588504,0.0,6.0
150.0,1.0,0.00529207498507176,0.00448960019223194,0.0008671333491534451,0.0256116838172254,0.0212256892437605,0.00626279076049059,1.0,0.00537498434965166,0.00455993742294122,0.000880718469392134,0.0260129344489903,0.0215582258032263,0.00636090804036926,1.0,0.0052412393549072,0.00444647312853711,0.000858803673106665,0.025365658186429,0.0210217954419101,0.0062026304423174,55.0,54.23,335.0,0.35,2.2478454723733,2.2258289580737403,2.30163809044867,0.0,1.0
339.0,2.4679190596977403,0.007286110765392509,0.00678283000347128,0.00268045300212029,0.0707189160663788,0.0556108650645382,0.0230361434220624,2.42080817465845,0.00902354844281852,0.00603506484989667,0.00360497792060285,0.013244238775642998,0.0582332521819067,0.0187999367535587,2.53249716800298,0.008538548316267509,0.00559072870834598,0.0035209162796181,0.0666658778630814,0.0586617493336066,0.0208325979044275,52.5,51.64,342.0,0.4,2.3674054168177,2.34024916693089,2.42498947281164,0.0,2.0
246.0,1.0,0.00513284993973991,0.00343449555787503,0.0008602520107628731,0.0028535690459591603,0.0158384066959897,0.0070184841836610605,1.0,0.00512659147086185,0.0034303078875139,0.00085920310800907,0.00285008969759028,0.0158190949731557,0.0070099265664795105,1.0,0.00510614067888012,0.0034166238416055103,0.00085577560961529,0.00283872023468965,0.0157559900773445,0.00698196285007397,60.0,59.53,231.0,0.13,1.30497770839758,1.31157532496287,1.3208435765662299,0.0,1.0
1348.0,3.09008679143189,0.0206954629603671,0.00261645234757688,0.00462349979968841,0.0777412260609932,0.0483740803906351,0.0237882595129497,2.44212623076931,0.0102541163378756,0.00843063681971194,0.00443378381101459,0.070327746513875,0.0471752736196871,0.0252661528891303,2.18058089035684,0.0137358791763842,0.0101632879058288,0.0029541613820421603,0.00648499006742328,0.0394273831834084,0.0173975201043573,60.0,59.11,282.0,0.28,2.2458345416679304,1.7841713896678302,1.5902673580441,0.0,7.0
233.0,1.0,0.00736324749566405,0.00480244965900444,0.000579107914405833,0.0161853001946736,0.0147550296684337,0.0056576108101576,1.0,0.007447696309729141,0.00485752877709045,0.000585749681726038,0.0163709288058988,0.0149242545597236,0.00572249773995875,1.0,0.00725546784197298,0.0047321537248502295,0.000570631212990978,0.0159483876026556,0.0145390526842563,0.005574797440894,60.0,59.39,304.0,0.24,1.88313844170297,1.8637616833346298,1.91450246164354,0.0,1.0
1009.0,1.9714983277705203,0.0142453411265318,0.007459365456185859,0.00570833612532277,0.041579871468465,0.0292162303448781,0.0124866451182823,1.78156949512573,0.00930781819003057,0.00594229594506855,0.00254986093643964,0.034721061805609,0.0323664224179854,0.013140748887116001,1.78751010601488,0.0138327626607479,0.0080420740794433,0.00333043918252127,0.0361048671120922,0.0430715453840589,0.0100724116819602,45.0,44.15,309.0,0.31,2.19836469585848,1.96756623361078,1.9724392003133202,0.0,6.0
625.0,2.3274899351753398,0.003739118308885,0.00686050773593747,0.00182041706282294,0.0519990477989756,0.0409696329192869,0.0184417957228848,2.17193394014997,0.00514419069265321,0.0063283448830588,0.00202876547264791,0.00896801139349551,0.0394935982036324,0.0184447982484219,2.27304329117609,0.0061933701907473295,0.00537322587652793,0.00295589786883247,0.0480946168822473,0.0407930515520342,0.0173000351046954,60.0,59.27,302.0,0.24,1.9366261362718702,1.81184718654686,1.8926033340783102,0.0,3.0
990.0,1.2494026996441898,0.0065865396127303705,0.0172943177246034,0.00142470798847862,0.00294152536654932,0.0284074379452933,0.00968710204489244,1.24048141143466,0.0058183159889157,0.0155385756307908,0.00127676018350073,0.00145639030128371,0.0300064242168541,0.010886238212221002,1.23914864051128,0.00683836650218995,0.016927736858087,0.00233011584136039,0.0037865886066554798,0.029631781874858997,0.00988107404756896,60.0,59.54,215.0,0.13,1.2335935408510301,1.2282788324408602,1.22982109620075,0.0,5.0
539.0,3.6241337415046604,0.01633231930734,0.00798277636755586,0.0022585141413207803,0.0716324872047756,0.0664187433426259,0.0195010742926447,3.4154152519936503,0.0199268360999782,0.007334326411181841,0.00223309223399028,0.00490071910674394,0.0745699801167523,0.0185298121758048,3.58739498577114,0.0178043798336853,0.00861312931815015,0.00419459398885162,0.0714152808591876,0.0733156916104269,0.0215910335496742,52.5,51.38,359.0,0.48,2.75470850006708,2.61437087267207,2.7519471434915697,0.0,3.0
1246.0,3.93395274100525,0.0158338993012728,0.0101313674275178,0.00712817827290095,0.11410637917299,0.045013656511257,0.0249057142864187,2.98558250321505,0.00396138185532825,0.0069228421320503795,0.00767519561926535,0.13094989556275,0.0473397515372362,0.0210648483106795,2.92198202392434,0.0191153388502072,0.00490972349192032,0.00223328707161935,0.0573798977965041,0.0494604288758685,0.0194833673139878,50.0,48.81,324.0,0.41,2.86078561334096,2.19114979235371,2.14429121374353,0.0,7.0
697.0,2.97007053519273,0.0088241799807065,0.00823737850038786,0.00349325081073692,0.0579712210073062,0.0393761567083899,0.0250985934906643,2.61589369329361,0.013057241373365,0.00925084723099765,0.00355924708162636,0.0186868491879338,0.0453419211303368,0.0200248450449416,2.87553892661384,0.014067125752246999,0.00654448201415097,0.00342357906596068,0.0783255884725757,0.0441983725997041,0.0222715782667423,50.0,48.83,337.0,0.37,2.50044422182432,2.22128475288729,2.41484280264046,0.0,4.0
275.0,1.3882511082826599,0.00463666474917141,0.0102978904451139,0.000971476141275783,0.00458876434520506,0.0133176302466461,0.00806830365344575,1.4084812773500701,0.0037516813110870795,0.0123204100426865,0.0016562431227473801,0.00474567261173326,0.0136241904333979,0.00865823704022641,1.4251366709262498,0.00277017161109155,0.010043310554274999,0.0015887984077473,0.00615359491167187,0.0142508460516858,0.009092304156704959,45.0,44.47,210.0,0.12,1.18398103499212,1.1958681833032,1.1991837907412501,0.0,2.0
79.0,1.0,0.0054114117248041,0.0036402793024753795,0.000408155620219834,0.0189420960860465,0.0119204288934918,0.00594228443894545,1.0,0.00539319291318699,0.00362802343169374,0.000406781466721004,0.018878322989897996,0.0118802959190574,0.00592227831738715,1.0,0.00522936721611665,0.0035178172000139,0.000394424916823091,0.018304867807944998,0.0115194154922544,0.0057423809190911895,50.0,49.09,353.0,0.44,2.54365801542145,2.54578081848181,2.6235424157095597,0.0,1.0
985.0,2.6381584700788503,0.0105196917954168,0.00614176446086906,0.00132349391955557,0.0429236337773869,0.0399442232760322,0.0144846887767473,2.5964473094558502,0.00939519266561855,0.00513607183079626,0.0020027339019127,0.00489721344630646,0.0404795970278368,0.0136622989509447,2.63333724977967,0.0118688147712664,0.00485886337839507,0.00162716225297604,0.0417513802879855,0.0381765691147721,0.0152688301010282,60.0,59.39,305.0,0.27,1.90222233224068,1.8716886342783898,1.9005312829659098,0.0,5.0
1181.0,2.8974325382642205,0.0091324783006348,0.00626041793183723,0.00305628608229555,0.113903433738613,0.076877997848474,0.0282298415318368,2.5758993174376403,0.00987423738934625,0.00663997093008403,0.0033499470825004603,0.0798031250840465,0.0840628816578366,0.0258834634885256,2.5811127292327596,0.0157193190715359,0.0049486999940081,0.0019579334037847303,0.0752958206881133,0.0763183770805172,0.0206618779038521,60.0,59.06,342.0,0.4,2.7124554530237597,2.40016702187005,2.4020423014826,0.0,6.0
225.0,1.0,0.0047540194000138,0.00422618819866294,0.000471559141726904,0.0219291344712511,0.0198271727283345,0.007220882545076079,1.0,0.00482279684371743,0.00428732939234709,0.000478381291489893,0.0222463880801786,0.0201140167946673,0.007325348640173009,1.0,0.00467944639725084,0.004159894917610121,0.00046416212076001506,0.0215851473588911,0.0195161576309524,0.007107613572302559,60.0,59.3,327.0,0.31,2.14647487989459,2.1173272674857198,2.18234567623362,0.0,1.0
520.0,3.3332266871529,0.0117747963571151,0.00921679092387643,0.00333849908542648,0.0544562818565868,0.0450664910747928,0.0238956715751078,3.1488578501039397,0.0167706256654349,0.00587767539838706,0.00249218769093415,0.005843840650705,0.0530775849219313,0.021122197672862,3.30738187493316,0.0109895644652483,0.00451992004993341,0.00407582225169504,0.0544738359218771,0.0489747673500032,0.0226862412007668,50.0,49.01,342.0,0.4,2.4491011062703,2.32115476017961,2.44574743597823,0.0,3.0
415.0,1.94005902327232,0.00931926711889401,0.00897525773163922,0.00228616762191174,0.0174613916709502,0.0341552618701453,0.0146454278147412,1.93977464058991,0.0103316968370122,0.0082988887947508,0.00264864402658741,0.00523239511193861,0.0351922800847783,0.013109965158571,1.96232652555482,0.0115305382235763,0.007777028701873709,0.0038173188263959,0.0172462221469687,0.0375583889059244,0.0144998006316061,57.5,56.97,265.0,0.19,1.5417964173091299,1.5438359733116298,1.56076404540879,0.0,2.0
522.0,2.85492083357628,0.00826590892885617,0.00558724424608574,0.00284843391854091,0.0647428767262278,0.0421534576670111,0.0233871900888613,2.68299129004019,0.0112801462402388,0.0078304356991681,0.00316009620201262,0.005456372006594321,0.0425404189109921,0.0195757074369547,2.8206998991825496,0.0110018620330793,0.005739063055270079,0.0035389929609083,0.067232998073072,0.0485822890156191,0.0211471222535708,50.0,49.07,336.0,0.37,2.33141039288713,2.20805457147418,2.32519564029567,0.0,3.0
216.0,1.0,0.0041683313791450296,0.00495254213439858,0.00033207681875565295,0.022673806012892997,0.0196664513509048,0.00649252553029464,1.0,0.00422222727264241,0.005016577754203729,0.000336370521733815,0.0229669748910118,0.0199207355886655,0.0065764729021999795,1.0,0.0040796925657539795,0.00484722722103573,0.000325015265224557,0.0221916516261048,0.0192482478174529,0.0063544631483555,60.0,59.2,345.0,0.36,2.41890977631769,2.3882318475289197,2.4736221136379104,0.0,1.0
441.0,2.1483947499211498,0.00372109046117732,0.0134148227234987,0.00316647523603938,0.0568530397991319,0.0552176959810037,0.0165941584548291,2.11275441232077,0.00483929084933329,0.0149812817635299,0.00244142667671555,0.00865737124390201,0.05992301330571201,0.0190970169701116,2.15454590146672,0.00586644302984586,0.0124134714203906,0.00297015300354833,0.0553046399265106,0.0610473523402222,0.0181415221268878,60.0,59.34,322.0,0.31,2.0236311788123302,1.9980940269992802,2.0449348239138003,0.0,2.0
1042.0,2.7894983228817702,0.00907343242267924,0.00520502928866145,0.0036161351310363397,0.0739893082176889,0.0387713563663095,0.0188812781298723,2.4877678017087,0.00735819145957145,0.0048246646144865,0.00264126149144227,0.0621726623283128,0.0390581564577418,0.0187904642558795,2.48417736972581,0.00954243006561558,0.00538661439035104,0.0036937101220648103,0.0596594680513904,0.0401971763341244,0.0185341326355893,47.5,46.63,317.0,0.33,2.29138246976837,2.04480254285915,2.0493416920591296,0.0,6.0
1018.0,2.1055901366254397,0.0134791427459248,0.00699875803428633,0.00147892182900081,0.0394713657597678,0.0222433266458209,0.0139669376028087,1.8722554642438103,0.0052884582781877396,0.00815695150324725,0.0024916978344457397,0.0334858763193402,0.0223764317022807,0.0124143798903058,1.82568842532433,0.009326508509979129,0.0100817933341729,0.00215668863081694,0.0119121837227619,0.0203651054035244,0.0120131492226675,45.0,44.33,260.0,0.21,1.71832170064317,1.5463047273039,1.52051690943366,0.0,6.0
1060.0,3.2089628387334597,0.0094691383508356,0.0179383894069038,0.00551782507397314,0.13212792649024402,0.0663092166470671,0.0218787338318959,2.8002707651244103,0.0108838657462013,0.0113526171115917,0.00547084068142028,0.0996740248710542,0.0740122539905509,0.0189010818986481,2.8765126557444503,0.0120710313511742,0.0125952206050574,0.00334010202340794,0.088607851882351,0.0789492403239183,0.0209643649347008,50.0,48.86,355.0,0.49,2.97096688244969,2.61760233772787,2.67613809202973,0.0,6.0
137.0,1.0,0.00647634596770061,0.00787964011261665,0.0010120639656098,0.0232386816424495,0.0207605005416386,0.0083860190333114,1.0,0.00647603773651077,0.00787926509391635,0.00101201579806565,0.0232375756350606,0.0207595124792627,0.00838561991432709,1.0,0.00628564573606297,0.0076476189694918905,0.00098226308195774,0.0225544035025431,0.0201491940608007,0.00813908723254814,55.0,53.97,368.0,0.5,2.8322724420571803,2.8330291580192797,2.9148607338390695,0.0,1.0
797.0,3.2282429521609903,0.008696157096730491,0.00391415623463581,0.0023859272374493396,0.0394049706664733,0.0602538833823329,0.0231408131792353,2.86631803627782,0.0104744417184838,0.003418115040245,0.0032065609790975303,0.0112308877031904,0.0641141079523824,0.0210952510128972,3.11106848983909,0.00788840131697691,0.003627580395576,0.00227333391504419,0.0516948238679988,0.0561236526748164,0.0237158899498802,60.0,58.98,332.0,0.32,2.3967815768769802,2.1279496961711297,2.30795215302136,0.0,4.0
1238.0,2.9349718281417596,0.0166269979272095,0.009922008165972671,0.0043136766017353,0.0785753038906642,0.0458335949261752,0.0162449878677362,2.29551062574092,0.00633885755704396,0.00393155613889781,0.0037704981362701897,0.080565013153731,0.0453549998822239,0.0142334630097776,2.1681580166486203,0.0124087104367497,0.0115383467038818,0.0019673268378964603,0.0108034435496369,0.0344471177311397,0.0105664427253106,47.5,46.52,284.0,0.28,2.24954795790358,1.76361915408979,1.66839284697705,0.0,7.0
284.0,2.93746555307088,0.0123459457724919,0.0114276897972301,0.00286538090925322,0.0843609872046848,0.0546017004418493,0.0173308463817907,2.93227288931486,0.0140313077366793,0.0126969666102441,0.00352795019181339,0.0194806349587273,0.058025936603614006,0.0144791520543414,3.0222943842188297,0.0109341935710404,0.0116593860351531,0.0039545799376345895,0.0811332054277851,0.0586876284590858,0.0171764138712283,47.5,46.46,356.0,0.48,2.6240117055791097,2.62367821559686,2.68987280624155,0.0,2.0
686.0,1.81212678403957,0.00799512468884977,0.00550670905955795,0.0025053345258052,0.0130397253234944,0.0290630471938786,0.0104595563741844,1.60819533438455,0.0064919500621163605,0.0067075530978814605,0.00163713411839385,0.00248682359966654,0.0308494261704591,0.0117764060536185,1.68913021786035,0.00883598802435116,0.00717449985649655,0.00224646591895887,0.0159590438359218,0.0305864231195925,0.0114499842272197,47.5,46.76,255.0,0.17,1.6263021765219,1.4558047218771801,1.53069351025765,0.0,4.0
578.0,2.75930264857487,0.00479290089387988,0.00402807202256545,0.00201488816801593,0.0449201369869649,0.0532678663107023,0.0152258492382603,2.58665194991921,0.00605612278770349,0.0054848658770644,0.00197078309626091,0.00446715109589274,0.0587811779683263,0.0160412282455205,2.70853312970652,0.0051379990513233,0.004533838463326421,0.00281466282076015,0.0468618122430366,0.0551994677630061,0.0176896043670968,55.0,54.68,318.0,0.29,2.09435043924256,1.9614267082910002,2.06755905175883,0.0,3.0
193.0,1.0,0.00937375780217599,0.00486911135881081,0.000761710646059758,0.00736330739593201,0.0178877992941497,0.00680894054425592,1.0,0.009379487862244709,0.0048720877852511,0.00076217627018287,0.00736780849299187,0.017898733880536,0.00681310276384238,1.0,0.009210163042697459,0.00478413358165575,0.000748416951837634,0.0072347998616191095,0.0175756139054417,0.0066901080531516,57.5,56.98,272.0,0.21,1.60163735766803,1.5992195418250001,1.6261949182022,0.0,1.0
835.0,2.16444525084899,0.00633734864540522,0.009089382121418771,0.00169791322513609,0.0187304551988121,0.0274284162169754,0.008837905977866321,2.15279304929994,0.00591432007309333,0.007309553976836971,0.0013100485910896,0.00357500544819216,0.0280401340955957,0.00966100102281619,2.16322580675824,0.00672049561573307,0.008828911996182909,0.00205341770198453,0.0199433919203043,0.0296646517447829,0.0105288106518246,45.0,44.38,275.0,0.23,1.63524076439747,1.62695447955125,1.64411306747121,0.0,5.0
1085.0,1.6413460641228899,0.00580368765795752,0.00767395051192774,0.00265467663702348,0.0322297244268805,0.0291518675587269,0.008491351795896,1.47267126630807,0.00617847106633749,0.009081276493352629,0.00202848034452232,0.0252368353799001,0.029495923488758003,0.008405744407279779,1.4340717616214698,0.00458291143749321,0.00837050365392843,0.0021784187018198302,0.00283843445810931,0.0261916116524858,0.0075860529263554796,50.0,49.36,230.0,0.16,1.4704481834459902,1.3261851817707802,1.29143121720995,0.0,6.0
166.0,1.0,0.0070532210839270295,0.00864227915282767,0.000963400471809541,0.0255789220492443,0.0255287416263311,0.0104822939920685,1.0,0.0071378776685912205,0.00874600847423802,0.000974963726758846,0.0258859341440467,0.025835151428483,0.0106081081694855,1.0,0.0069397710889746896,0.00850326939904307,0.0009479043208505199,0.0251674889546564,0.0251181156762603,0.010313687877736,57.5,56.44,374.0,0.52,2.98950091094871,2.9691498520577206,3.07656400012759,0.0,1.0
311.0,3.6615393467483903,0.0124133199700617,0.00913110711882523,0.00248272067041273,0.0708364757758857,0.0497936391122017,0.0225554071134011,3.6466355691262797,0.0156855471470212,0.008549047694610791,0.0024993893872317,0.015666483097796998,0.0459398466167889,0.0204254982074496,3.73397635196881,0.0120167698131171,0.00995555209418919,0.00245952138956459,0.0690488558025579,0.0537515021652302,0.0216947455065939,50.0,48.99,357.0,0.47,2.6448397032246,2.6386431899507,2.7135755947627,0.0,2.0
380.0,1.95572240019345,0.00711156023465387,0.0067327461263444795,0.00261657984494621,0.0397182066270371,0.0447886810769395,0.0146955305176242,1.9295583756521602,0.00810325001633342,0.00601014471374425,0.00248849907236331,0.00879354778793031,0.0464404006369402,0.0181332239228244,1.96502492846072,0.008746083595259241,0.00576877431194606,0.00212827033490852,0.0396158625898135,0.0474260183758361,0.0166740546862433,55.0,54.36,297.0,0.26,1.8042128099327202,1.7893750813175602,1.82456550201602,0.0,2.0
1202.0,4.16291163599256,0.0137795166085397,0.0209433476678924,0.0044607202517843204,0.130378702033608,0.0527827490923271,0.0251063417549591,3.1839088420749997,0.00847976959872644,0.009798037962109379,0.0056258305549154106,0.15792639204573902,0.0548895172535572,0.0201400940107041,3.25028770941895,0.0177359986974573,0.0166233730055742,0.00493280031423434,0.0715779148823252,0.0537033886402976,0.0197991154006013,45.0,43.71,334.0,0.45,3.05493362053304,2.3440279792662,2.3713372290075094,0.0,7.0
610.0,4.125043563583629,0.0172354372039577,0.0106901826613473,0.00826128957780096,0.0830380173744211,0.0774981164836152,0.036555883172512,3.9497982204959703,0.0227950129461635,0.0135542608589935,0.00556835597716191,0.00685540691179635,0.0855127817901636,0.0283358023133195,4.15964337838359,0.0228988668784512,0.0106651980005687,0.00815582017891887,0.0826657615794146,0.0792399458371616,0.0274451606587548,60.0,58.81,371.0,0.49,3.017022453472,2.88692479073906,3.0372990625059404,0.0,3.0
1226.0,3.9033248580283795,0.0195043047698712,0.0114172799344429,0.00696938991019002,0.11366991204561301,0.0564589592401638,0.0204961119446356,2.98731026850422,0.0073324465347194,0.00583493422046431,0.00557276207852592,0.130893923013815,0.0619185395036721,0.0171714372512698,2.95093475099127,0.0214845316809564,0.00977308136019752,0.00210146269092318,0.0595064271186712,0.0723471002471832,0.0159639576747269,47.5,46.28,329.0,0.42,2.93420170472933,2.25160230982365,2.2330854196799304,0.0,7.0
449.0,1.9693232322715,0.00651218155365773,0.0114055392678232,0.00116148943027604,0.00889631639930173,0.0315025385991286,0.0108039162609479,1.9695217400802902,0.007802593573709009,0.00833869544323466,0.00196857273118146,0.00371091306829036,0.0338909893709152,0.0123736313982459,1.98183902023069,0.00822274213947282,0.0111203876551038,0.00145518440607106,0.00799217208474448,0.0314752715836954,0.0106659511924023,60.0,59.5,245.0,0.15,1.40651716610088,1.40893116405201,1.41787441821051,0.0,2.0
221.0,1.0,0.007747339202954191,0.0077290139233922904,0.000988957578785259,0.0276964413180904,0.0262467584499124,0.00675366144090915,1.0,0.0078540536971226,0.00783547599890602,0.0010025798179837,0.0280779415529579,0.0266082902582105,0.00684668867846401,1.0,0.00759020537792075,0.0075722517770987294,0.000968899248682574,0.0271346939038987,0.0257144139324049,0.0066166816821313,60.0,59.26,335.0,0.32,2.25088686549508,2.22021162385098,2.2925651307325,0.0,1.0
814.0,2.8015212269898098,0.0148370163984877,0.013901487237498998,0.00399725693683399,0.0687049406251286,0.0510617799059072,0.0182098991640813,2.8032231270069397,0.0159501674149422,0.0150923422734765,0.00306461168666927,0.00935425008429403,0.0539031019100132,0.014675152386165001,2.8334462092416697,0.0188932949867225,0.0156555230674276,0.00481160599035048,0.0622746991222781,0.0639305669078662,0.0179693607301923,45.0,43.75,374.0,0.6,3.0760441262412597,3.06185372143614,3.1102579091756897,0.0,5.0
833.0,2.3259199106185497,0.00593055223242326,0.00662128828683909,0.0017651679782350602,0.0340589530821491,0.0348381482122135,0.0116489771898844,2.31695996807024,0.005675689005933461,0.00707851545427398,0.00215011479858088,0.004439388293865721,0.0317427847391354,0.011008765300052,2.3702262174808197,0.00516833520051618,0.00657166601904731,0.00274389264834191,0.03458894138943,0.0329797838064361,0.0109142440334293,45.0,44.32,297.0,0.28,1.82151580998833,1.80959454840476,1.83428170678015,0.0,5.0
684.0,2.3262279319477797,0.00791400328860185,0.00679023948579682,0.00225418595482261,0.0148258467858669,0.0316564339831447,0.0135631908478027,2.08632595172077,0.00438302376584043,0.007965042658682059,0.00160619059524391,0.00266925383954827,0.0356574103832012,0.0126097805235433,2.19774148440321,0.00758204220831873,0.00903355797661714,0.00211211392833165,0.0179003708672203,0.0333749918305722,0.0119930551377799,47.5,46.72,271.0,0.21,1.75289724018592,1.5687813492420302,1.6543593618352,0.0,4.0
1201.0,4.2813267396683,0.0176268970368269,0.0194131982288378,0.008599201531154621,0.146706088466,0.0514984352754196,0.0204718220088914,3.2739251896758104,0.0104754827626803,0.0102614651749836,0.00755772001838112,0.18046355364203898,0.0511363372106184,0.0151730577507325,3.34072265614688,0.0221587603928911,0.0160608732103445,0.0035288277719718797,0.08585710696040301,0.058850830646262994,0.0148106387643359,45.0,43.69,336.0,0.45,3.0765804299462793,2.35784183966273,2.39497708666459,0.0,7.0
816.0,4.05809832790575,0.0222974666524367,0.0183396059272243,0.00486645279349736,0.0761215110116917,0.0568796447331288,0.0236983054475512,4.04640955164001,0.0227093210171005,0.0195534023186949,0.00408881084601262,0.00790931852448727,0.0577677788121127,0.0203142504573196,4.1313309618285,0.0207803615002207,0.017228337329312,0.0035927890779679297,0.0718710378815002,0.0750897758132977,0.023490879250526,45.0,43.81,370.0,0.58,2.97905556290464,2.95997271232726,3.01766751779053,0.0,5.0
87.0,1.0,0.0067283446154253,0.0021279199307506,0.0011787729604874901,0.026041031377102997,0.0198818603291477,0.00617293389735459,1.0,0.00668511485390481,0.00211424799858913,0.00117119931839849,0.025873717180146003,0.019754118941073998,0.006133272661862479,1.0,0.006457409747719379,0.00204223351932557,0.00113130650114876,0.0249924193046913,0.0190812638219956,0.0059243641339981,50.0,49.26,327.0,0.34,2.12888167352504,2.12652488715704,2.18074919404825,0.0,1.0
937.0,2.79215151632896,0.00690246524394737,0.004431999516674521,0.0018415075467386399,0.0507327629324719,0.0433088483542472,0.0155587304467027,2.74584802807148,0.00722994110336265,0.00613574709637983,0.0026423957898974396,0.0066333338778798,0.0420920647458825,0.0150031508051068,2.7958153252829097,0.00681031528303393,0.0037968825307694203,0.0027444848943202,0.0506486052503638,0.0425247649408526,0.0144903443867081,55.0,54.29,315.0,0.3,2.0051547212642697,1.9729905186402101,2.01465256797062,0.0,5.0
1049.0,2.27940745047531,0.0120808589181247,0.00520377369300431,0.0037916183609245603,0.0447286165417189,0.0261854296949641,0.0164336706237854,2.01692243035849,0.0063025155679185,0.009599568639339879,0.00284562780328671,0.0379335295171615,0.0257599652326241,0.0152625985418503,1.98226609624592,0.0105630692924368,0.00856966251202567,0.0025120476317317,0.0199961882508786,0.0289883765853222,0.0141299854889362,47.5,46.77,280.0,0.23,1.88336634920933,1.68605327432743,1.6645134565818798,0.0,6.0
1157.0,2.39007059328524,0.0081191504398432,0.00663729812366762,0.00363739790294924,0.0741518086441603,0.0651561027997517,0.0232891692476642,2.1042215925187797,0.005644654404313629,0.00948809147291118,0.00314607179947584,0.0502088210265142,0.0663077208610617,0.0228169632768019,2.10716446895189,0.0111816597292677,0.00638868585457644,0.0034557450852415,0.0540915718952525,0.0577508089246616,0.0214874256994595,57.5,56.64,327.0,0.35,2.38201214089043,2.1057742256957,2.11696635464138,0.0,6.0
1045.0,2.9152671173899702,0.00947870198397236,0.00591773183573592,0.0031907512523116697,0.0509992322384969,0.0336168768113908,0.0129541265493015,2.59052228363493,0.00333081689478385,0.00967240546227173,0.00208274206773473,0.0437332465806679,0.037361910485596,0.0151971725201298,2.5943868604636,0.00645230339852484,0.0103233195273221,0.00242947401558634,0.0347569834204049,0.0469316399921106,0.0112024423101094,47.5,46.69,300.0,0.29,2.09064283650466,1.8638987717631,1.8661533339892,0.0,6.0
591.0,3.77433932256127,0.0186950448477434,0.008172469098317729,0.00265862478674976,0.0609701568264927,0.0780564827646796,0.0278379852849086,3.60630276859738,0.0188118511081724,0.007666283372578291,0.0035869059741114604,0.00623304586096138,0.0864376661722731,0.0253439037030803,3.81185367959867,0.0179273380919264,0.00896353832129186,0.00402721442676755,0.05953345397235,0.0780510877478395,0.0241417064389785,57.5,56.38,363.0,0.47,2.82408164073228,2.7023622377682597,2.85047002357086,0.0,3.0
973.0,3.2241133956114103,0.0102058819667561,0.0123750066506985,0.0023987436198028,0.0958788677909225,0.0762660681866151,0.0218149590692119,3.19013602856313,0.00964669572049923,0.00975212874736085,0.00324459165125869,0.009709111346858841,0.085508541812584,0.0236005741304417,3.30512488678276,0.007376170257777191,0.0138176395720598,0.00406053298255296,0.091055744847541,0.0820831994946344,0.0190887361528422,60.0,59.03,366.0,0.47,2.85173396699738,2.80763095531097,2.89882924826865,0.0,5.0
570.0,3.65411117986597,0.0123279684324977,0.00576223582624342,0.00136308701794898,0.0808673373406456,0.0618295192431353,0.0240985372912021,3.46891704279173,0.0128963808243598,0.00590903552690199,0.00254094059991787,0.00461450100388034,0.0684412809288232,0.019640161998749,3.67787927692276,0.0100466891240064,0.0072947210798477,0.0018043537953782102,0.0812592282526147,0.0619829893209395,0.0211686006776506,55.0,54.49,352.0,0.45,2.61490979538313,2.4831509634937,2.6288137658047797,0.0,3.0
1272.0,3.83100370088697,0.0171898763769044,0.012187840389017,0.0041219295240386205,0.124796059212493,0.0481435607887967,0.0195131856700183,2.93856606700481,0.00274717476777329,0.00571797597762801,0.00534457276780209,0.135254295794361,0.0537920912955089,0.017312371532778998,2.8253596990399403,0.0179968441108259,0.00701356420261657,0.00213832483425867,0.0569095722678969,0.0492060963739401,0.0160367969148674,52.5,51.39,319.0,0.39,2.76331817362222,2.1304355408501596,2.04074120213967,0.0,7.0
723.0,3.1703552472758996,0.011602628402497,0.00583684469199238,0.00332029075325398,0.0634684667002103,0.0456944102996607,0.0230322188164458,2.8577630987843903,0.012945077473113999,0.00649773199213575,0.00374051310888944,0.0144957508031004,0.0525625663592057,0.0239863047561951,3.11678584274933,0.0163702938837328,0.00626583028856426,0.00260197826408729,0.0816654113037048,0.0506061182001864,0.0243823035692254,52.5,51.37,344.0,0.39,2.56962684766758,2.31770792163584,2.51237561081269,0.0,4.0
573.0,2.2870706872010698,0.0112061079210089,0.00732451127707815,0.00339819303890332,0.0549339703424079,0.0532967845389742,0.0215618631505038,2.11848114872787,0.00870970837714019,0.00514445485337739,0.00226902394278715,0.00616582381057354,0.0598608775734895,0.0191553483383862,2.23920610822367,0.00820899732157279,0.00664721265467667,0.0029748040667409302,0.0549785836475753,0.0552390589146015,0.0198748047732651,55.0,54.55,341.0,0.37,2.43395842557396,2.28234578423042,2.42065816659538,0.0,3.0
1227.0,4.07025012982193,0.0160314934536708,0.00986811372455346,0.00609012456680315,0.143267496739948,0.0579985966083439,0.0257463374494099,3.1100596546195,0.00438055304351849,0.007604431755370279,0.00694896431386302,0.16635605538126502,0.0586928758097544,0.021823161362367,3.08662916487692,0.0162493433897111,0.00631825103023631,0.00337336081513507,0.0779493948252067,0.0687244498751292,0.0213318749834767,47.5,46.3,327.0,0.41,2.89995108099328,2.22721510690535,2.20419289566049,0.0,7.0
368.0,3.21267875286359,0.007070825184977641,0.00322073884735724,0.00191550433850169,0.0604467745918323,0.0611731174940275,0.0221678142581093,3.17492142872798,0.00959031624527376,0.0053622989849513,0.00215314691357272,0.0136763726432645,0.0663714817243184,0.0181757309620493,3.31271260171117,0.00678446827603746,0.00472295282821024,0.00237028952576478,0.0580877283604068,0.0650205664657328,0.0190429168747159,55.0,54.12,348.0,0.4,2.4647847518919903,2.43709408076891,2.52607455044537,0.0,2.0
737.0,1.71230860820213,0.00648476939333797,0.00429588815380155,0.0030598384008775,0.0174830487976852,0.0352355417822719,0.0179689856803935,1.5199676876958599,0.00389817595297086,0.007143866858884091,0.0034918933995501398,0.00453711191363306,0.0403650174300844,0.0133514321595561,1.6343276252483299,0.00954503538522995,0.007163784053221271,0.00255953543036383,0.0228303600429227,0.0373803653652776,0.0131378941569901,52.5,51.65,280.0,0.22,1.8280382477376202,1.6169984775778001,1.7225000954329899,0.0,4.0
458.0,3.6824954072583997,0.0115222089924407,0.0111218300550168,0.00338938792426152,0.0770396754581321,0.0490244952074461,0.0186247725600584,3.5116036054262296,0.0135872488624376,0.00981005231774399,0.0022262307407290897,0.0103079378298231,0.047611189861337,0.0153252856283432,3.6795700950457104,0.0128030755422502,0.009327683737971009,0.0027492971216933897,0.0703632449100191,0.0478619333927469,0.0162218215558663,45.0,43.91,351.0,0.46,2.6480077009193104,2.5287449278422,2.6542426138427997,0.0,3.0
1313.0,3.9424352610154902,0.0152689580439923,0.0149339756462861,0.0055797859412789,0.0977885821491711,0.0792335826662609,0.0320647718847119,3.0190992032928103,0.00372453199043037,0.0106834688487246,0.00531854078082402,0.102806074662879,0.0754655050380498,0.0296154931352614,2.8794004592774503,0.0188949787082472,0.005405361344350539,0.0026273969781237397,0.0475445924939167,0.0744418657442686,0.0235818682216865,57.5,56.38,327.0,0.42,2.93547721262357,2.2500814685628,2.14377623182185,0.0,7.0
98.0,1.0,0.00477481921132126,0.0035746075638872703,0.0009485976792352151,0.00302828765881607,0.0123940358599165,0.00559369063690818,1.0,0.00470426565281044,0.0035217885412708798,0.000934581035064382,0.00298354115406521,0.0122108994320169,0.00551103729189633,1.0,0.004679442915016,0.0035032053149015897,0.0009296495831241189,0.00296779806784685,0.0121464668558816,0.00548195750691641,50.0,49.48,235.0,0.15,1.35834256002285,1.3742192006126202,1.3793204870181497,0.0,1.0
957.0,3.04467538599513,0.0049979649111344705,0.00404301327456674,0.00231030081508506,0.0527722131119263,0.0583360269787228,0.0204029411704801,3.00511403318901,0.004639783131947001,0.00516668484873596,0.00185726544328643,0.00516872861821588,0.0583108902639893,0.0200006767047445,3.08480230770604,0.0053169703099891896,0.00480902032431424,0.00257857918356793,0.0546899098008597,0.0585715338972163,0.0210229397335445,57.5,56.71,333.0,0.35,2.25139319820549,2.21874909044506,2.27239691062934,0.0,5.0
775.0,3.3332884143591,0.0118856537822178,0.00630018081789279,0.00206331341054711,0.0544015036094728,0.0599534410990522,0.0210031170557636,2.9876402176992403,0.00972590601097284,0.00418698198378334,0.00239116593399931,0.0184190763347796,0.0638398812666708,0.0198286979643698,3.2322583847397297,0.0118011834037411,0.00560255092590361,0.00271394197398543,0.0756400963624043,0.0583106480431948,0.0206922376652296,57.5,56.5,333.0,0.35,2.38249061972398,2.14082895702046,2.3157572943604703,0.0,4.0
409.0,1.9113011922107899,0.00584180606723036,0.00940730670710056,0.00292930933870921,0.0461791456414843,0.0497466208723636,0.0165895886466145,1.90823656993864,0.0041026889002263,0.0109400731506762,0.0031363409708621,0.008478780308047041,0.0490507742205776,0.0173141497285445,1.95943623324298,0.00443564988417943,0.008954535223119559,0.00303900247375941,0.0439709439898803,0.0516118925284368,0.0215163920160461,57.5,56.85,314.0,0.28,1.9762064873889398,1.9601817546745801,2.00505907897304,0.0,2.0
3.0,1.0,0.00348986159108591,0.0043796574534945,0.000785899925818972,0.0181109603828092,0.0111430342700494,0.00500901842931097,1.0,0.0034842429937610104,0.00437260630518678,0.000784634644917253,0.0180818021509132,0.0111250942397912,0.00500095402422993,1.0,0.00340645826752185,0.00427498912262816,0.000767117901348583,0.0176781311002035,0.0108767296993798,0.00488930915893038,45.0,43.89,367.0,0.55,2.8513837836455203,2.86389002144165,2.9354144357107206,0.0,1.0
405.0,2.7063215245756798,0.00462194626685084,0.00964241755495732,0.00428074383111279,0.0716408251708062,0.0451480814431023,0.0209268971692517,2.67340132365118,0.00464079796850878,0.0114572636245853,0.0030037348965562603,0.0118281997950366,0.0423993864246401,0.0191811033267563,2.74323472659736,0.00702851035649831,0.00966899941288309,0.0035862563452161702,0.0735534405769624,0.05649012471950401,0.0216900152208758,57.5,56.77,323.0,0.35,2.2182706580369103,2.19859845065591,2.26011809520043,0.0,2.0
894.0,3.66801315991611,0.0176792884218795,0.0198174301923212,0.00306701784301244,0.100587625205747,0.0664897681574537,0.0269836841035104,3.65160629783687,0.0156028933931756,0.0200719706337052,0.0045244097051401295,0.0121826037439609,0.0618942615399613,0.0250751351639247,3.76100087988977,0.013342049928716999,0.0187796988721205,0.0038869743730220205,0.0919392215991204,0.0671714065429406,0.0286626607849782,52.5,51.27,373.0,0.56,3.01377981221762,2.98753010323744,3.0576863017103397,0.0,5.0
1231.0,3.5580339870827,0.0172122046309625,0.0116380055001516,0.0053827428999744294,0.0812990104098892,0.0552694050077886,0.025104811307682003,2.7349296229981697,0.0061352406456630796,0.00799750834440207,0.0045879344677085,0.0943509861702029,0.054429294740970004,0.0201287620189201,2.69353890155801,0.0170935154822333,0.0103035492705492,0.00303331684258028,0.0400272214694199,0.0578673755458574,0.0182187422939946,47.5,46.38,316.0,0.38,2.6903566319049,2.07538017514773,2.02835822694505,0.0,7.0
582.0,2.32859839593367,0.00284236097939108,0.0038962318873204398,0.00128280396780829,0.026014518428310998,0.0403257893939774,0.0155493815718647,2.1580504047913998,0.007123841293964291,0.00520789656653639,0.00127025960959522,0.00775231914969208,0.0443411588869609,0.0163460381086391,2.24650910278192,0.00683038195306592,0.00346284012083723,0.00202554954241619,0.0207195175851579,0.0393996767829789,0.0146184457484671,55.0,54.8,269.0,0.22,1.65726679618978,1.53854521729847,1.6001989154801002,0.0,3.0
811.0,2.10378120340066,0.0035027377945666,0.0076558885043962206,0.00114789929488262,0.00925140932508842,0.0428043847537493,0.0125941866682884,1.8817059015314699,0.007972663834708,0.009108306806011641,0.00257099814155256,0.005784729307996579,0.040584137659695,0.0131018886145544,1.9740351169435302,0.00813140839315455,0.00862810488431325,0.00151596164802079,0.00598376398096422,0.0373712431092938,0.0129583710085258,60.0,59.28,249.0,0.16,1.5719663433579099,1.4061711403931298,1.47400783666988,0.0,4.0
390.0,3.5798039503396404,0.0152985113144336,0.0147903436060709,0.00328931101512096,0.0925446013462851,0.07192616193302499,0.0301020408741437,3.5440800521193796,0.0125484335875236,0.0145429007915859,0.0035162707371677302,0.0166157908591431,0.0698277522680646,0.0242450038416785,3.6399545570377003,0.0163016073912962,0.0135904936401615,0.00600463079573098,0.0865847989431075,0.0745486185244101,0.0246329656227394,57.5,56.47,368.0,0.51,2.8726584116063303,2.85025872825526,2.94683269125489,0.0,2.0
674.0,2.82557622596187,0.015329404026588998,0.00645870619988277,0.00304721327920093,0.0351863559582579,0.0417456187439624,0.0164908726610262,2.5416218645181803,0.00711865142055057,0.00670018002420755,0.00294331969543828,0.0138869806796694,0.0487756019934212,0.0129512176783981,2.72329712029144,0.0159481660581338,0.008562565367699141,0.0047003554995019604,0.0516403383863015,0.0444095206265214,0.0148276484951355,47.5,46.52,315.0,0.31,2.1719758882982,1.94781160413578,2.08844795977402,0.0,4.0
719.0,1.7968337086967099,0.00386483425902577,0.0096570007021746,0.00199082001744923,0.00612767095171472,0.0253783176973684,0.0125061215088507,1.6053129435981002,0.00493015212330496,0.0101952071902771,0.00228355249214201,0.00490526560235771,0.0251074389729895,0.0110944914666013,1.68336638697941,0.00610258651109167,0.00952870858392952,0.00299211174802973,0.00624642130327659,0.02617121988996,0.0100979403950167,50.0,49.27,215.0,0.14,1.42873411735219,1.2797857507031498,1.3398369825096998,0.0,4.0
1282.0,2.9252961288618398,0.0293769346415229,0.00569647858227639,0.00336590260172536,0.0718118864139934,0.0376248310563085,0.0211700372591437,2.3180902480498196,0.012422785455058998,0.00963794275637578,0.00429484775204518,0.064311770498793,0.0308380926731022,0.0177154491020497,2.10212482266303,0.016012436861325002,0.0102506934395732,0.00230558336900968,0.00335666932838026,0.0278694009156739,0.0135846344096628,52.5,51.59,271.0,0.26,2.11211451251808,1.6823041607698501,1.52955410018579,0.0,7.0
50.0,1.0,0.0036786746543845702,0.00228746838682866,0.000822467213318992,0.0202468268152626,0.0148726630627981,0.00603960737403235,1.0,0.0036563412059108704,0.00227358103278076,0.000817473966876805,0.0201239071482853,0.014782370257539,0.0060029405652596395,1.0,0.00356668917048265,0.0022178337280789303,0.000797429829606027,0.019630476930750998,0.0144199124048913,0.0058557508447379,47.5,46.67,338.0,0.39,2.30426520468086,2.3077834948299705,2.37780266537046,0.0,1.0
906.0,2.4117163517361497,0.00782177462881965,0.0056679031597864395,0.0024263892462187,0.0679368920254601,0.0539329458892216,0.0202453762704702,2.36753678108728,0.007561877923756159,0.00829110446928979,0.0025399931996313,0.0099426531431044,0.0568264184920329,0.0197683881337366,2.43871285200562,0.00522843384444357,0.006710380198681879,0.0035641380398023,0.0646789772663661,0.0549530788983118,0.0218008950073096,52.5,51.66,337.0,0.38,2.3074140129290397,2.27592341681485,2.34338763567847,0.0,5.0
243.0,1.0,0.00662396723494279,0.004024795178109271,0.000591889711456891,0.0042394198360943295,0.0169069882450761,0.00589610953950497,1.0,0.00662701232717911,0.004026645409566471,0.000592161808026995,0.004241368732272629,0.0169147605266739,0.005898820029570271,1.0,0.00657027404011687,0.0039921706037465395,0.000587091914537687,0.004205055536402829,0.0167699419431298,0.0058483162840447704,60.0,59.49,256.0,0.16,1.4842052781725499,1.48851112484377,1.50365406534308,0.0,1.0
834.0,1.6445519142277398,0.0070620494573190905,0.007651926228061391,0.00242938947477388,0.0249113388217078,0.0269727007110714,0.0130362341493734,1.6541950056200099,0.00847539169839192,0.006996720778471,0.00217966908190547,0.0031427013590429697,0.0288879430015137,0.0131343775732545,1.69976231203051,0.0111550985482407,0.0069502504610532605,0.00321985175826908,0.0267847947603245,0.0275516254699832,0.0130964102116977,45.0,44.35,285.0,0.25,1.72359368641018,1.7144372052709698,1.73477206624816,0.0,5.0
693.0,2.69302649669766,0.0144280477376572,0.0142749666072568,0.00442214351940371,0.0604810073272191,0.0576125303994358,0.0245459280302825,2.41295362582433,0.0141379984073073,0.0135926518906447,0.00276653733019557,0.0101592565342847,0.0643358758174053,0.0199539138764334,2.55704688354954,0.0164684996298166,0.0130287324896345,0.0038160968636666705,0.0708565850533485,0.0573933145094899,0.0242601721919502,50.0,48.75,352.0,0.45,2.7338177801397903,2.47093291528697,2.67293897819592,0.0,4.0
376.0,2.7444396298968194,0.00772244404328638,0.00573105120160964,0.00143642943528946,0.0436184314737631,0.0514820292149088,0.0199477305307119,2.71322578023608,0.00743653952765812,0.007427145774510091,0.0025284604469892396,0.00609687544707377,0.0540296739763886,0.018701357571073003,2.7829583555452997,0.00715043778757229,0.00368774400717298,0.00211155762621914,0.0428927541835074,0.0523445161531649,0.0210987404031664,55.0,54.28,318.0,0.3,2.0322739123679,2.01139703307326,2.06160433799982,0.0,2.0
412.0,2.46676012918701,0.0036615977253186102,0.0117352235828195,0.00228321354543421,0.0350494005149818,0.0325047899291323,0.0167369317239527,2.45414648208425,0.00417312086844401,0.0130291804364522,0.0029732991570463802,0.00854947220638777,0.0327165980890568,0.0143336526354122,2.49624851662661,0.0031583018945838697,0.0127259843663184,0.00282538561098347,0.034391486396345004,0.0347856151648135,0.0158895980959505,57.5,56.91,296.0,0.26,1.7900763829000301,1.7816902417960399,1.8140943372251401,0.0,2.0
65.0,1.0,0.00437271018466154,0.00502833295203192,0.0011741468460107199,0.00452778842513656,0.0116320515844902,0.00612915835898191,1.0,0.00434631161513386,0.00499797631016981,0.0011670583823712,0.00450045362989518,0.0115618275107384,0.0060921559036961,1.0,0.0043411839336188,0.00499207980918053,0.00116568151291862,0.00449514409506867,0.0115481871244852,0.0060849685140240105,47.5,46.97,232.0,0.15,1.36193968014516,1.37736704198241,1.3837664771052098,0.0,1.0
323.0,1.64243397283062,0.00657415005458397,0.00631335991379746,0.0030738418535585397,0.0285410071588278,0.0336433053073203,0.013094657898023,1.65427354986043,0.009690004122477879,0.0053499483819827295,0.0022252746531304397,0.00544540711151855,0.0302868742866609,0.0113083277442124,1.70405947159443,0.008848912563271359,0.00549551134800454,0.00227991633813927,0.028934521319536,0.0339411221663353,0.0135318076337664,50.0,49.35,294.0,0.27,1.78380153410155,1.77651539462536,1.8083150344298,0.0,2.0
963.0,2.41847645485176,0.0067824531810893205,0.00685455843663675,0.00128631120573558,0.0308936701866807,0.0381357518810353,0.0154679709997649,2.38903711498893,0.00764539331632598,0.0062852451002308705,0.00190132587892122,0.00391444589248111,0.0347202089879782,0.0130110728594225,2.4151239165742795,0.0072379204201807705,0.00476357948180975,0.00280727016705814,0.0298989754587004,0.0349556032311611,0.0125043638241259,57.5,56.89,288.0,0.22,1.7349589572557802,1.71679205547123,1.73846034721401,0.0,5.0
114.0,1.0,0.004326696737260999,0.00569783198547144,0.00123450601548175,0.0268185236177953,0.0206664664017356,0.00609917171686069,1.0,0.00431960093287502,0.00568848751238995,0.00123248141941433,0.0267745411043286,0.0206325732930106,0.00608916904460343,1.0,0.00413732231029564,0.0054484445814731,0.00118047313925684,0.0256447083840074,0.019761919476012,0.00583221814489044,52.5,51.63,349.0,0.42,2.46306587799746,2.4551089730845095,2.53552323889427,0.0,1.0
1269.0,3.25937116777098,0.0163994339093052,0.0166660774285518,0.00557355069889553,0.147110861059146,0.0688278878096386,0.0250270689237626,2.52269348632898,0.0059952400292624,0.00982421716655359,0.00559675770753392,0.159210908772658,0.0708240745707458,0.0200649230612331,2.4596574411951,0.0149506970204573,0.00917060360558548,0.00548437854893919,0.0718907305829953,0.0690101902900226,0.0160343885024588,52.5,51.33,326.0,0.42,2.9061045979712796,2.2349679906686095,2.15857149458091,0.0,7.0
1171.0,1.71132129988722,0.00294229144675082,0.00888821507137561,0.00213211359954145,0.0264653982587985,0.0340884191689233,0.00966499290671163,1.5506748988192702,0.009909442154433,0.0073307611022645,0.0026418777816422,0.0205820414665603,0.0332604152431145,0.0118594948402788,1.50423381945096,0.0125527621268352,0.007559128089821391,0.00186614440997155,0.0035867124409001703,0.0280838271277279,0.0114804543995218,57.5,56.92,215.0,0.13,1.3455202993254598,1.22444456258278,1.18239846816454,0.0,6.0
523.0,3.1724988949393,0.00755265709972292,0.0037755493634195297,0.0033531279945850103,0.0594903749577897,0.0397385885074696,0.0195799445534563,2.99914192828885,0.0110223381624909,0.00309342018378769,0.00285905021705007,0.00716553180445122,0.0412731103647237,0.0174248435094253,3.16823443216363,0.00967246431835618,0.00565446725607275,0.00293616906917835,0.0599619578214508,0.0447534373315209,0.0189886189442454,50.0,49.09,332.0,0.36,2.29954547747265,2.17762914915635,2.29667451278546,0.0,3.0
1016.0,2.52958610844519,0.0165826996542163,0.0100858462482826,0.0021215847259633,0.0385834866065979,0.0246545131614762,0.0110746856036342,2.2666912406515,0.00406690684257224,0.0126922489199392,0.0017988761641089398,0.0332615495096466,0.0220922385486234,0.0107437741240455,2.24222185474449,0.011437858537856999,0.0139501595533933,0.0020392420811213897,0.015715518270236997,0.0212065066455629,0.0112029339172746,45.0,44.29,275.0,0.24,1.83548515212653,1.64697706738967,1.62603687008326,0.0,6.0
